order_id,order_date,product,revenue,quantity
ORD200848,2023-01-01 00:00:00,Chair,645.85,2
ORD200112,2023-01-01 00:00:00,Monitor,410.6,1
ORD200236,2023-01-01 00:00:00,Monitor,318.81,1
ORD200373,2023-01-02 00:00:00,Laptop,341.15,3
ORD200645,2023-01-02 00:00:00,Laptop,150.05,2
ORD200881,2023-01-03 00:00:00,Tablet,448.85,2
ORD200000,2023-01-04 00:00:00,Monitor,570.62,5
ORD200698,2023-01-04 00:00:00,Laptop,388.22,2
ORD200491,2023-01-05 00:00:00,Phone,420.7,5
ORD200371,2023-01-05 00:00:00,Phone,307.76,5
ORD200472,2023-01-06 00:00:00,Chair,508.12,3
ORD200034,2023-01-07 00:00:00,Chair,576.52,4
ORD200555,2023-01-07 00:00:00,Tablet,92.04,1
ORD201179,2023-01-08 00:00:00,Laptop,518.55,5
ORD200131,2023-01-08 00:00:00,Tablet,84.8,1
ORD201084,2023-01-08 00:00:00,Phone,70.82,1
ORD200262,2023-01-10 00:00:00,Phone,249.07,4
ORD201003,2023-01-11 00:00:00,Printer,319.97,5
ORD200418,2023-01-11 00:00:00,Printer,310.93,1
ORD200957,2023-01-12 00:00:00,Monitor,643.89,5
ORD201008,2023-01-13 00:00:00,Monitor,410.88,3
ORD200093,2023-01-14 00:00:00,Desk,431.01,4
ORD200098,2023-01-14 00:00:00,Printer,228.54,2
ORD200750,2023-01-14 00:00:00,Tablet,145.41,4
ORD200058,2023-01-15 00:00:00,Phone,474.69,4
ORD200483,2023-01-18 00:00:00,Phone,347.92,5
ORD200639,2023-01-20 00:00:00,Chair,529.19,1
ORD201080,2023-01-20 00:00:00,Laptop,464.74,5
ORD200383,2023-01-20 00:00:00,Chair,393.8,4
ORD200057,2023-01-22 00:00:00,Printer,314.27,5
ORD200766,2023-01-22 00:00:00,Printer,278.88,2
ORD200577,2023-01-22 00:00:00,Tablet,185.41,4
ORD200955,2023-01-23 00:00:00,Chair,408.13,1
ORD200019,2023-01-23 00:00:00,Monitor,224.0,5
ORD200692,2023-01-23 00:00:00,Desk,196.84,5
ORD200751,2023-01-24 00:00:00,Tablet,599.86,2
ORD200016,2023-01-24 00:00:00,Printer,533.81,2
ORD200573,2023-01-25 00:00:00,Chair,421.42,5
ORD200295,2023-01-25 00:00:00,Printer,107.48,5
ORD200933,2023-01-26 00:00:00,Monitor,394.16,2
ORD200556,2023-01-28 00:00:00,Laptop,654.27,1
ORD200977,2023-01-28 00:00:00,Chair,649.47,4
ORD200662,2023-01-28 00:00:00,Laptop,438.89,3
ORD201151,2023-01-29 00:00:00,Chair,608.04,2
ORD200022,2023-01-29 00:00:00,Monitor,49.62,2
ORD200560,2023-01-31 00:00:00,Monitor,588.85,4
ORD200561,2023-01-31 00:00:00,Printer,494.78,2
ORD200679,2023-02-02 00:00:00,Tablet,360.66,3
ORD200836,2023-02-02 00:00:00,Phone,178.44,1
ORD200486,2023-02-03 00:00:00,Printer,611.26,4
ORD200274,2023-02-04 00:00:00,Phone,182.4,2
ORD200669,2023-02-05 00:00:00,Desk,257.0,1
ORD200829,2023-02-05 00:00:00,Monitor,76.93,1
ORD200953,2023-02-06 00:00:00,Phone,131.61,1
ORD200187,2023-02-08 00:00:00,Chair,590.87,1
ORD200366,2023-02-10 00:00:00,Printer,602.24,3
ORD200923,2023-02-11 00:00:00,Printer,649.93,3
ORD201041,2023-02-11 00:00:00,Monitor,558.9,4
ORD200094,2023-02-11 00:00:00,Chair,531.18,1
ORD200436,2023-02-11 00:00:00,Laptop,221.33,4
ORD200927,2023-02-14 00:00:00,Laptop,64.69,4
ORD200509,2023-02-15 00:00:00,Laptop,425.03,2
ORD201144,2023-02-16 00:00:00,Desk,507.94,5
ORD200913,2023-02-16 00:00:00,Printer,475.95,5
ORD200293,2023-02-16 00:00:00,Tablet,463.04,4
ORD200244,2023-02-16 00:00:00,Desk,317.77,2
ORD200284,2023-02-16 00:00:00,Laptop,208.17,5
ORD200100,2023-02-17 00:00:00,Phone,664.79,3
ORD201028,2023-02-17 00:00:00,Desk,440.31,4
ORD200160,2023-02-17 00:00:00,Monitor,101.32,4
ORD200128,2023-02-17 00:00:00,Tablet,21.07,4
ORD200479,2023-02-18 00:00:00,Monitor,25.29,4
ORD201150,2023-02-20 00:00:00,Desk,302.65,4
ORD200235,2023-02-20 00:00:00,Desk,65.45,1
ORD200673,2023-02-21 00:00:00,Tablet,372.92,2
ORD200297,2023-02-22 00:00:00,Desk,493.88,2
ORD201090,2023-02-25 00:00:00,Monitor,650.25,2
ORD201069,2023-02-25 00:00:00,Monitor,454.23,1
ORD200343,2023-02-26 00:00:00,Printer,527.57,1
ORD201072,2023-02-26 00:00:00,Monitor,392.61,1
ORD200797,2023-02-27 00:00:00,Laptop,438.76,2
ORD200155,2023-02-27 00:00:00,Phone,424.4,1
ORD200328,2023-02-28 00:00:00,Tablet,674.04,5
ORD201031,2023-02-28 00:00:00,Phone,664.51,5
ORD201005,2023-03-02 00:00:00,Printer,392.85,3
ORD200818,2023-03-02 00:00:00,Phone,390.84,4
ORD200745,2023-03-02 00:00:00,Printer,111.3,4
ORD200775,2023-03-04 00:00:00,Phone,625.22,2
ORD200205,2023-03-04 00:00:00,Desk,147.39,3
ORD200533,2023-03-05 00:00:00,Desk,565.85,1
ORD200117,2023-03-08 00:00:00,Tablet,535.5,1
ORD200102,2023-03-08 00:00:00,Laptop,70.34,2
ORD200794,2023-03-09 00:00:00,Printer,384.85,4
ORD200487,2023-03-09 00:00:00,Printer,346.52,3
ORD200425,2023-03-09 00:00:00,Laptop,301.88,2
ORD200404,2023-03-09 00:00:00,Monitor,99.1,2
ORD200520,2023-03-10 00:00:00,Monitor,635.98,3
ORD200568,2023-03-10 00:00:00,Laptop,343.99,2
ORD200288,2023-03-12 00:00:00,Laptop,512.75,4
ORD201106,2023-03-12 00:00:00,Chair,372.8,1
ORD200725,2023-03-12 00:00:00,Chair,194.85,2
ORD200515,2023-03-14 00:00:00,Phone,553.52,3
ORD200464,2023-03-14 00:00:00,Tablet,434.42,4
ORD200655,2023-03-14 00:00:00,Chair,132.6,2
ORD200091,2023-03-15 00:00:00,Laptop,492.75,5
ORD201114,2023-03-16 00:00:00,Tablet,659.88,3
ORD200180,2023-03-18 00:00:00,Tablet,316.07,5
ORD201078,2023-03-18 00:00:00,Desk,41.09,1
ORD200861,2023-03-19 00:00:00,Desk,330.45,5
ORD200116,2023-03-19 00:00:00,Printer,291.35,4
ORD201113,2023-03-19 00:00:00,Desk,209.99,4
ORD201108,2023-03-20 00:00:00,Laptop,634.94,1
ORD200893,2023-03-21 00:00:00,Monitor,678.01,1
ORD200703,2023-03-22 00:00:00,Desk,92.79,1
ORD200989,2023-03-23 00:00:00,Laptop,246.11,4
ORD200095,2023-03-24 00:00:00,Printer,117.51,4
ORD200263,2023-03-25 00:00:00,Phone,434.85,4
ORD200758,2023-03-26 00:00:00,Tablet,624.84,3
ORD200628,2023-03-26 00:00:00,Printer,558.63,5
ORD200932,2023-03-26 00:00:00,Laptop,72.39,2
ORD200107,2023-03-27 00:00:00,Printer,670.75,5
ORD200280,2023-03-27 00:00:00,Tablet,404.62,3
ORD200014,2023-03-27 00:00:00,Tablet,393.33,2
ORD200940,2023-03-27 00:00:00,Printer,305.32,4
ORD200271,2023-03-28 00:00:00,Monitor,542.07,1
ORD200132,2023-03-28 00:00:00,Tablet,450.75,4
ORD201010,2023-03-31 00:00:00,Monitor,659.57,3
ORD200451,2023-04-01 00:00:00,Monitor,183.18,1
ORD201143,2023-04-03 00:00:00,Chair,381.61,1
ORD201183,2023-04-05 00:00:00,Desk,281.52,1
ORD200250,2023-04-05 00:00:00,Desk,42.95,3
ORD200763,2023-04-06 00:00:00,Laptop,569.96,1
ORD200499,2023-04-06 00:00:00,Printer,539.46,3
ORD201168,2023-04-08 00:00:00,Laptop,331.42,2
ORD200718,2023-04-08 00:00:00,Laptop,64.74,4
ORD200402,2023-04-09 00:00:00,Printer,337.38,5
ORD200139,2023-04-10 00:00:00,Phone,583.9,1
ORD200317,2023-04-10 00:00:00,Monitor,139.95,2
ORD200120,2023-04-11 00:00:00,Tablet,629.34,4
ORD200424,2023-04-12 00:00:00,Chair,22.94,5
ORD201123,2023-04-14 00:00:00,Tablet,554.25,3
ORD200331,2023-04-15 00:00:00,Printer,422.13,3
ORD200799,2023-04-16 00:00:00,Laptop,328.56,4
ORD200514,2023-04-16 00:00:00,Printer,304.15,3
ORD200213,2023-04-20 00:00:00,Laptop,634.4,1
ORD201032,2023-04-20 00:00:00,Chair,618.68,1
ORD201158,2023-04-20 00:00:00,Monitor,27.42,4
ORD201081,2023-04-21 00:00:00,Monitor,425.6,4
ORD200611,2023-04-21 00:00:00,Desk,305.17,1
ORD200714,2023-04-21 00:00:00,Laptop,51.73,1
ORD200340,2023-04-23 00:00:00,Laptop,521.25,5
ORD200481,2023-04-23 00:00:00,Laptop,484.85,4
ORD201103,2023-04-24 00:00:00,Laptop,276.32,4
ORD201177,2023-04-27 00:00:00,Printer,127.55,1
ORD200778,2023-04-28 00:00:00,Laptop,246.85,4
ORD200218,2023-04-28 00:00:00,Tablet,112.46,3
ORD200386,2023-04-28 00:00:00,Tablet,93.02,1
ORD200865,2023-04-30 00:00:00,Monitor,677.37,4
ORD201026,2023-05-01 00:00:00,Monitor,677.48,1
ORD200032,2023-05-01 00:00:00,Tablet,536.72,5
ORD200368,2023-05-01 00:00:00,Monitor,271.02,3
ORD200632,2023-05-02 00:00:00,Laptop,678.16,5
ORD200665,2023-05-02 00:00:00,Tablet,231.26,4
ORD200801,2023-05-03 00:00:00,Printer,595.62,4
ORD200864,2023-05-03 00:00:00,Desk,491.11,1
ORD200667,2023-05-03 00:00:00,Laptop,466.42,1
ORD200073,2023-05-03 00:00:00,Monitor,433.45,4
ORD200222,2023-05-04 00:00:00,Chair,693.36,4
ORD200290,2023-05-05 00:00:00,Chair,99.9,3
ORD200356,2023-05-06 00:00:00,Printer,374.58,5
ORD201111,2023-05-06 00:00:00,Monitor,234.45,4
ORD201076,2023-05-08 00:00:00,Laptop,686.61,4
ORD200020,2023-05-08 00:00:00,Chair,62.51,5
ORD200672,2023-05-09 00:00:00,Phone,624.16,2
ORD201124,2023-05-09 00:00:00,Chair,576.87,4
ORD200242,2023-05-09 00:00:00,Printer,219.1,2
ORD200301,2023-05-11 00:00:00,Chair,583.99,1
ORD200069,2023-05-11 00:00:00,Monitor,478.65,3
ORD200007,2023-05-12 00:00:00,Monitor,149.55,5
ORD200958,2023-05-13 00:00:00,Desk,158.66,3
ORD200565,2023-05-14 00:00:00,Tablet,307.98,5
ORD200241,2023-05-16 00:00:00,Chair,615.67,5
ORD200302,2023-05-16 00:00:00,Chair,468.74,3
ORD200903,2023-05-17 00:00:00,Monitor,473.49,3
ORD200260,2023-05-17 00:00:00,Monitor,407.79,2
ORD200228,2023-05-17 00:00:00,Chair,385.92,4
ORD200650,2023-05-18 00:00:00,Desk,372.23,2
ORD200551,2023-05-18 00:00:00,Laptop,120.98,1
ORD200975,2023-05-18 00:00:00,Desk,105.92,1
ORD200232,2023-05-19 00:00:00,Printer,444.44,4
ORD200998,2023-05-19 00:00:00,Phone,183.67,2
ORD200502,2023-05-20 00:00:00,Monitor,565.25,3
ORD201085,2023-05-21 00:00:00,Printer,646.69,2
ORD200056,2023-05-21 00:00:00,Tablet,479.21,3
ORD200894,2023-05-23 00:00:00,Tablet,575.01,3
ORD200827,2023-05-25 00:00:00,Tablet,639.88,2
ORD200855,2023-05-25 00:00:00,Monitor,240.61,5
ORD200463,2023-05-26 00:00:00,Laptop,662.78,5
ORD200070,2023-05-26 00:00:00,Desk,629.21,1
ORD200600,2023-05-26 00:00:00,Printer,72.31,1
ORD200820,2023-05-27 00:00:00,Phone,623.81,5
ORD200435,2023-05-27 00:00:00,Printer,414.47,1
ORD200167,2023-05-27 00:00:00,Chair,384.14,2
ORD201121,2023-05-28 00:00:00,Phone,50.34,3
ORD200337,2023-05-29 00:00:00,Tablet,502.77,3
ORD200979,2023-05-31 00:00:00,Monitor,669.06,3
ORD200810,2023-05-31 00:00:00,Tablet,553.56,1
ORD200878,2023-06-01 00:00:00,Desk,330.69,2
ORD200612,2023-06-02 00:00:00,Chair,445.12,3
ORD200761,2023-06-02 00:00:00,Desk,37.76,4
ORD200350,2023-06-03 00:00:00,Chair,54.41,2
ORD200704,2023-06-03 00:00:00,Desk,30.27,4
ORD200270,2023-06-04 00:00:00,Printer,309.91,4
ORD200579,2023-06-04 00:00:00,Tablet,187.88,2
ORD200422,2023-06-05 00:00:00,Phone,206.6,4
ORD200033,2023-06-05 00:00:00,Chair,162.77,1
ORD201067,2023-06-06 00:00:00,Phone,316.2,2
ORD201122,2023-06-07 00:00:00,Monitor,678.19,5
ORD200430,2023-06-07 00:00:00,Phone,450.07,1
ORD200575,2023-06-07 00:00:00,Chair,448.15,5
ORD200381,2023-06-07 00:00:00,Chair,191.76,1
ORD200081,2023-06-08 00:00:00,Monitor,394.3,2
ORD200359,2023-06-09 00:00:00,Desk,606.57,4
ORD201093,2023-06-09 00:00:00,Phone,197.36,4
ORD201199,2023-06-11 00:00:00,Tablet,560.58,4
ORD200259,2023-06-11 00:00:00,Chair,435.12,4
ORD200505,2023-06-11 00:00:00,Printer,434.97,2
ORD201129,2023-06-11 00:00:00,Chair,418.71,4
ORD200596,2023-06-12 00:00:00,Desk,606.41,3
ORD200587,2023-06-12 00:00:00,Monitor,514.6,5
ORD200654,2023-06-12 00:00:00,Tablet,382.37,3
ORD200755,2023-06-13 00:00:00,Desk,336.71,3
ORD200671,2023-06-15 00:00:00,Chair,50.74,5
ORD200623,2023-06-16 00:00:00,Printer,396.0,3
ORD200792,2023-06-16 00:00:00,Desk,356.35,2
ORD200480,2023-06-16 00:00:00,Chair,335.1,1
ORD201098,2023-06-17 00:00:00,Monitor,255.86,4
ORD200201,2023-06-18 00:00:00,Monitor,674.9,2
ORD200212,2023-06-20 00:00:00,Monitor,265.38,1
ORD201000,2023-06-21 00:00:00,Printer,260.93,5
ORD201047,2023-06-23 00:00:00,Chair,540.34,4
ORD200630,2023-06-23 00:00:00,Monitor,248.84,5
ORD200074,2023-06-24 00:00:00,Phone,90.87,5
ORD200456,2023-06-26 00:00:00,Desk,62.81,5
ORD200080,2023-06-27 00:00:00,Phone,589.56,3
ORD200362,2023-06-27 00:00:00,Monitor,206.84,4
ORD201094,2023-06-28 00:00:00,Printer,648.91,4
ORD200409,2023-06-28 00:00:00,Desk,84.13,5
ORD200325,2023-06-29 00:00:00,Desk,361.39,3
ORD200557,2023-06-29 00:00:00,Tablet,56.2,1
ORD200599,2023-06-30 00:00:00,Chair,556.99,3
ORD200031,2023-06-30 00:00:00,Chair,500.08,3
ORD200307,2023-07-01 00:00:00,Laptop,557.41,3
ORD200248,2023-07-02 00:00:00,Laptop,670.54,1
ORD200696,2023-07-02 00:00:00,Chair,151.2,4
ORD200394,2023-07-05 00:00:00,Desk,529.55,5
ORD200189,2023-07-05 00:00:00,Printer,429.45,5
ORD200507,2023-07-05 00:00:00,Phone,171.59,1
ORD200769,2023-07-06 00:00:00,Printer,678.55,4
ORD200123,2023-07-06 00:00:00,Desk,278.04,3
ORD200629,2023-07-07 00:00:00,Phone,19.73,3
ORD200357,2023-07-08 00:00:00,Laptop,408.56,5
ORD201018,2023-07-08 00:00:00,Laptop,182.48,3
ORD200313,2023-07-09 00:00:00,Chair,434.3,2
ORD200872,2023-07-10 00:00:00,Chair,629.34,4
ORD200354,2023-07-11 00:00:00,Phone,693.41,1
ORD200938,2023-07-12 00:00:00,Chair,331.46,3
ORD200498,2023-07-12 00:00:00,Tablet,132.56,4
ORD200240,2023-07-12 00:00:00,Tablet,17.24,1
ORD201197,2023-07-13 00:00:00,Tablet,436.84,2
ORD200390,2023-07-14 00:00:00,Printer,508.69,5
ORD201165,2023-07-14 00:00:00,Chair,223.79,3
ORD200015,2023-07-17 00:00:00,Printer,473.96,1
ORD200941,2023-07-17 00:00:00,Printer,111.7,5
ORD200416,2023-07-18 00:00:00,Laptop,644.05,2
ORD200466,2023-07-18 00:00:00,Phone,432.47,1
ORD200220,2023-07-18 00:00:00,Laptop,373.17,2
ORD201156,2023-07-19 00:00:00,Laptop,690.78,4
ORD200494,2023-07-19 00:00:00,Laptop,505.79,3
ORD200047,2023-07-19 00:00:00,Desk,209.94,2
ORD200154,2023-07-20 00:00:00,Phone,408.21,4
ORD200247,2023-07-20 00:00:00,Printer,220.9,2
ORD200193,2023-07-21 00:00:00,Printer,46.66,1
ORD200682,2023-07-23 00:00:00,Monitor,509.42,3
ORD200452,2023-07-23 00:00:00,Printer,75.78,1
ORD200921,2023-07-24 00:00:00,Tablet,438.93,1
ORD200759,2023-07-24 00:00:00,Desk,308.01,3
ORD200327,2023-07-25 00:00:00,Phone,359.99,1
ORD200506,2023-07-25 00:00:00,Monitor,43.67,2
ORD200289,2023-07-26 00:00:00,Chair,160.49,4
ORD200281,2023-07-27 00:00:00,Desk,654.79,4
ORD201181,2023-07-27 00:00:00,Desk,158.74,3
ORD200162,2023-07-27 00:00:00,Chair,65.86,3
ORD200785,2023-07-29 00:00:00,Chair,176.1,1
ORD201166,2023-07-31 00:00:00,Chair,324.47,3
ORD200050,2023-07-31 00:00:00,Tablet,179.22,1
ORD200485,2023-08-01 00:00:00,Chair,404.79,3
ORD200593,2023-08-02 00:00:00,Monitor,489.8,1
ORD201170,2023-08-03 00:00:00,Printer,697.19,2
ORD200875,2023-08-03 00:00:00,Laptop,133.39,5
ORD200144,2023-08-04 00:00:00,Desk,219.78,5
ORD200135,2023-08-04 00:00:00,Printer,68.81,2
ORD200177,2023-08-05 00:00:00,Chair,431.69,5
ORD200627,2023-08-06 00:00:00,Chair,498.68,3
ORD200541,2023-08-07 00:00:00,Printer,456.06,5
ORD200321,2023-08-09 00:00:00,Phone,152.29,4
ORD200127,2023-08-10 00:00:00,Desk,469.32,3
ORD200215,2023-08-10 00:00:00,Printer,303.6,1
ORD200192,2023-08-11 00:00:00,Desk,645.46,1
ORD200890,2023-08-11 00:00:00,Laptop,439.53,3
ORD200268,2023-08-11 00:00:00,Phone,423.88,2
ORD200407,2023-08-13 00:00:00,Tablet,547.32,4
ORD201155,2023-08-13 00:00:00,Printer,534.57,4
ORD201176,2023-08-13 00:00:00,Tablet,213.83,2
ORD200171,2023-08-15 00:00:00,Tablet,148.22,2
ORD200789,2023-08-17 00:00:00,Tablet,691.28,5
ORD201128,2023-08-17 00:00:00,Monitor,646.79,3
ORD201100,2023-08-17 00:00:00,Laptop,38.11,5
ORD200547,2023-08-20 00:00:00,Phone,613.98,1
ORD200858,2023-08-20 00:00:00,Tablet,435.66,5
ORD200803,2023-08-20 00:00:00,Monitor,397.81,5
ORD200964,2023-08-20 00:00:00,Phone,364.42,5
ORD200040,2023-08-20 00:00:00,Desk,344.02,2
ORD200945,2023-08-20 00:00:00,Tablet,276.44,5
ORD201050,2023-08-20 00:00:00,Laptop,69.7,5
ORD200585,2023-08-20 00:00:00,Tablet,67.08,4
ORD201092,2023-08-21 00:00:00,Laptop,209.2,5
ORD200776,2023-08-21 00:00:00,Tablet,21.19,1
ORD200083,2023-08-22 00:00:00,Laptop,540.41,4
ORD200062,2023-08-22 00:00:00,Desk,43.15,2
ORD200553,2023-08-23 00:00:00,Phone,333.83,2
ORD201062,2023-08-23 00:00:00,Chair,85.52,5
ORD200786,2023-08-23 00:00:00,Chair,45.31,5
ORD200376,2023-08-24 00:00:00,Monitor,201.22,5
ORD200839,2023-08-24 00:00:00,Chair,197.97,3
ORD200433,2023-08-26 00:00:00,Monitor,631.64,3
ORD200048,2023-08-26 00:00:00,Monitor,80.77,2
ORD200680,2023-08-27 00:00:00,Monitor,463.39,3
ORD200197,2023-08-27 00:00:00,Laptop,221.51,5
ORD201171,2023-08-28 00:00:00,Phone,518.4,4
ORD200084,2023-08-28 00:00:00,Monitor,165.49,2
ORD200824,2023-08-29 00:00:00,Monitor,481.1,3
ORD200689,2023-08-29 00:00:00,Tablet,444.84,2
ORD200209,2023-08-29 00:00:00,Tablet,187.97,5
ORD200013,2023-08-30 00:00:00,Laptop,201.49,3
ORD200352,2023-08-31 00:00:00,Chair,173.96,5
ORD200503,2023-08-31 00:00:00,Tablet,136.84,3
ORD200806,2023-09-01 00:00:00,Chair,253.75,5
ORD201009,2023-09-02 00:00:00,Tablet,176.46,2
ORD200768,2023-09-04 00:00:00,Tablet,653.46,5
ORD200432,2023-09-04 00:00:00,Tablet,424.32,2
ORD200448,2023-09-04 00:00:00,Laptop,160.0,2
ORD200204,2023-09-05 00:00:00,Laptop,413.71,4
ORD200489,2023-09-05 00:00:00,Tablet,149.34,3
ORD200142,2023-09-06 00:00:00,Desk,272.77,5
ORD200947,2023-09-07 00:00:00,Phone,465.66,4
ORD200106,2023-09-08 00:00:00,Desk,465.05,3
ORD201058,2023-09-08 00:00:00,Desk,412.14,2
ORD200729,2023-09-08 00:00:00,Phone,186.41,4
ORD200590,2023-09-10 00:00:00,Printer,461.13,2
ORD201052,2023-09-11 00:00:00,Tablet,531.74,1
ORD200687,2023-09-13 00:00:00,Tablet,332.09,1
ORD200109,2023-09-17 00:00:00,Desk,592.87,3
ORD200090,2023-09-18 00:00:00,Chair,182.08,4
ORD200272,2023-09-19 00:00:00,Chair,399.32,2
ORD200720,2023-09-21 00:00:00,Desk,128.95,5
ORD200224,2023-09-23 00:00:00,Printer,91.46,4
ORD200625,2023-09-24 00:00:00,Tablet,672.89,1
ORD201136,2023-09-24 00:00:00,Tablet,668.33,3
ORD200075,2023-09-26 00:00:00,Tablet,398.17,3
ORD200974,2023-09-27 00:00:00,Desk,266.78,5
ORD201184,2023-09-27 00:00:00,Laptop,204.08,1
ORD200397,2023-09-28 00:00:00,Monitor,427.06,1
ORD200942,2023-09-29 00:00:00,Tablet,479.76,1
ORD200470,2023-09-29 00:00:00,Tablet,263.62,4
ORD200552,2023-09-30 00:00:00,Chair,425.18,4
ORD200694,2023-10-02 00:00:00,Printer,666.52,4
ORD200316,2023-10-02 00:00:00,Desk,275.28,4
ORD201030,2023-10-02 00:00:00,Phone,245.28,4
ORD200601,2023-10-02 00:00:00,Monitor,24.82,5
ORD200309,2023-10-03 00:00:00,Chair,549.76,4
ORD200314,2023-10-04 00:00:00,Desk,153.09,4
ORD200817,2023-10-05 00:00:00,Chair,598.19,4
ORD200636,2023-10-05 00:00:00,Laptop,371.07,4
ORD200562,2023-10-06 00:00:00,Laptop,663.93,3
ORD201082,2023-10-06 00:00:00,Chair,573.22,3
ORD200765,2023-10-06 00:00:00,Laptop,534.91,2
ORD201188,2023-10-07 00:00:00,Printer,371.29,2
ORD200049,2023-10-07 00:00:00,Printer,30.44,1
ORD200413,2023-10-08 00:00:00,Tablet,118.8,1
ORD200845,2023-10-08 00:00:00,Phone,107.36,3
ORD200118,2023-10-09 00:00:00,Printer,502.71,5
ORD200686,2023-10-09 00:00:00,Desk,53.6,3
ORD201112,2023-10-13 00:00:00,Desk,356.81,1
ORD201116,2023-10-14 00:00:00,Printer,531.49,2
ORD200980,2023-10-14 00:00:00,Chair,69.65,3
ORD200638,2023-10-15 00:00:00,Tablet,578.27,4
ORD200421,2023-10-15 00:00:00,Chair,288.21,2
ORD200003,2023-10-15 00:00:00,Chair,273.19,1
ORD200853,2023-10-16 00:00:00,Printer,490.01,3
ORD201125,2023-10-16 00:00:00,Desk,408.36,4
ORD200717,2023-10-16 00:00:00,Chair,122.11,3
ORD201161,2023-10-16 00:00:00,Phone,11.39,1
ORD201167,2023-10-17 00:00:00,Printer,92.87,2
ORD200446,2023-10-18 00:00:00,Laptop,509.58,5
ORD200279,2023-10-20 00:00:00,Chair,55.01,3
ORD200621,2023-10-22 00:00:00,Phone,476.01,5
ORD200434,2023-10-22 00:00:00,Printer,327.68,5
ORD201021,2023-10-23 00:00:00,Phone,315.27,3
ORD201055,2023-10-23 00:00:00,Monitor,274.82,4
ORD200005,2023-10-23 00:00:00,Phone,245.86,2
ORD200417,2023-10-24 00:00:00,Laptop,55.41,5
ORD200492,2023-10-25 00:00:00,Laptop,606.52,5
ORD200886,2023-10-25 00:00:00,Phone,460.13,1
ORD200524,2023-10-25 00:00:00,Phone,153.0,1
ORD200646,2023-10-27 00:00:00,Chair,498.51,4
ORD200129,2023-10-27 00:00:00,Laptop,263.93,4
ORD200550,2023-10-29 00:00:00,Laptop,228.91,4
ORD201065,2023-10-30 00:00:00,Printer,666.8,5
ORD200874,2023-10-31 00:00:00,Chair,488.9,2
ORD200159,2023-10-31 00:00:00,Printer,299.35,1
ORD201180,2023-10-31 00:00:00,Chair,298.36,4
ORD200385,2023-10-31 00:00:00,Chair,191.63,5
ORD200788,2023-11-02 00:00:00,Chair,601.43,2
ORD200227,2023-11-02 00:00:00,Monitor,365.17,2
ORD200275,2023-11-04 00:00:00,Chair,65.07,2
ORD200231,2023-11-05 00:00:00,Phone,41.9,4
ORD200811,2023-11-05 00:00:00,Laptop,28.55,2
ORD200338,2023-11-08 00:00:00,Phone,305.49,5
ORD201152,2023-11-09 00:00:00,Tablet,344.18,2
ORD200895,2023-11-09 00:00:00,Chair,154.64,3
ORD200949,2023-11-09 00:00:00,Desk,110.38,5
ORD200891,2023-11-11 00:00:00,Monitor,654.54,3
ORD200572,2023-11-11 00:00:00,Printer,70.32,1
ORD201035,2023-11-12 00:00:00,Laptop,506.11,4
ORD200699,2023-11-13 00:00:00,Laptop,614.15,3
ORD200580,2023-11-14 00:00:00,Monitor,255.99,2
ORD200542,2023-11-14 00:00:00,Tablet,17.98,1
ORD201040,2023-11-15 00:00:00,Tablet,536.07,1
ORD200644,2023-11-15 00:00:00,Chair,366.23,2
ORD200474,2023-11-15 00:00:00,Printer,229.34,3
ORD200141,2023-11-18 00:00:00,Printer,684.14,3
ORD201186,2023-11-18 00:00:00,Monitor,163.32,1
ORD200995,2023-11-18 00:00:00,Monitor,113.29,2
ORD200990,2023-11-19 00:00:00,Phone,418.26,2
ORD201194,2023-11-19 00:00:00,Printer,189.44,3
ORD200009,2023-11-21 00:00:00,Desk,509.38,4
ORD200028,2023-11-21 00:00:00,Phone,160.07,4
ORD200905,2023-11-23 00:00:00,Laptop,442.39,1
ORD200935,2023-11-24 00:00:00,Phone,692.71,3
ORD200287,2023-11-24 00:00:00,Chair,655.18,4
ORD200364,2023-11-24 00:00:00,Phone,628.74,5
ORD200269,2023-11-25 00:00:00,Tablet,663.67,4
ORD200101,2023-11-25 00:00:00,Printer,381.02,1
ORD200305,2023-11-25 00:00:00,Laptop,126.89,4
ORD200469,2023-11-26 00:00:00,Chair,676.98,5
ORD200981,2023-11-26 00:00:00,Phone,136.83,4
ORD200997,2023-11-27 00:00:00,Laptop,444.75,3
ORD200115,2023-11-27 00:00:00,Phone,374.99,5
ORD201174,2023-11-27 00:00:00,Printer,222.34,3
ORD201054,2023-11-29 00:00:00,Printer,660.66,1
ORD201088,2023-11-30 00:00:00,Desk,491.43,3
ORD200349,2023-11-30 00:00:00,Chair,465.33,1
ORD200121,2023-11-30 00:00:00,Desk,410.78,1
ORD200779,2023-12-01 00:00:00,Phone,588.74,3
ORD200151,2023-12-01 00:00:00,Printer,444.76,5
ORD200396,2023-12-01 00:00:00,Tablet,287.13,5
ORD200319,2023-12-02 00:00:00,Laptop,563.06,2
ORD200862,2023-12-02 00:00:00,Desk,120.82,3
ORD200525,2023-12-03 00:00:00,Monitor,668.48,1
ORD200733,2023-12-04 00:00:00,Tablet,494.84,4
ORD200041,2023-12-05 00:00:00,Monitor,611.45,3
ORD200345,2023-12-07 00:00:00,Tablet,501.26,5
ORD200186,2023-12-07 00:00:00,Phone,133.55,2
ORD201001,2023-12-08 00:00:00,Printer,253.68,2
ORD200723,2023-12-09 00:00:00,Desk,54.95,3
ORD200406,2023-12-10 00:00:00,Tablet,66.1,4
ORD200068,2023-12-11 00:00:00,Chair,490.92,3
ORD200308,2023-12-11 00:00:00,Printer,448.9,3
ORD200960,2023-12-11 00:00:00,Laptop,379.07,3
ORD200851,2023-12-12 00:00:00,Laptop,365.57,1
ORD200563,2023-12-12 00:00:00,Laptop,132.68,1
ORD200441,2023-12-13 00:00:00,Printer,328.54,2
ORD201037,2023-12-13 00:00:00,Printer,249.81,1
ORD200150,2023-12-13 00:00:00,Phone,105.57,2
ORD200635,2023-12-13 00:00:00,Chair,63.68,3
ORD200043,2023-12-14 00:00:00,Chair,499.21,3
ORD200230,2023-12-16 00:00:00,Desk,61.91,4
ORD200389,2023-12-17 00:00:00,Desk,697.5,4
ORD201138,2023-12-18 00:00:00,Desk,294.41,4
ORD200831,2023-12-18 00:00:00,Printer,88.73,2
ORD200298,2023-12-19 00:00:00,Printer,301.17,4
ORD200545,2023-12-19 00:00:00,Monitor,98.47,2
ORD201066,2023-12-20 00:00:00,Desk,355.09,1
ORD200138,2023-12-21 00:00:00,Tablet,298.06,1
ORD200265,2023-12-22 00:00:00,Printer,572.13,1
ORD200649,2023-12-23 00:00:00,Monitor,642.98,2
ORD201086,2023-12-23 00:00:00,Tablet,513.42,2
ORD200999,2023-12-24 00:00:00,Printer,483.38,1
ORD200657,2023-12-24 00:00:00,Tablet,87.79,4
ORD200254,2023-12-26 00:00:00,Monitor,263.19,3
ORD200149,2023-12-27 00:00:00,Laptop,217.56,1
ORD200943,2023-12-27 00:00:00,Monitor,193.49,3
ORD200388,2023-12-28 00:00:00,Printer,633.97,3
ORD200164,2023-12-28 00:00:00,Desk,536.58,5
ORD201135,2023-12-28 00:00:00,Printer,73.41,2
ORD200010,2023-12-29 00:00:00,Tablet,625.97,5
ORD201016,2023-12-29 00:00:00,Tablet,268.78,5
ORD200336,2023-12-29 00:00:00,Laptop,18.2,1
ORD200065,2023-12-30 00:00:00,Monitor,81.7,5
ORD200804,2024-01-01 00:00:00,Chair,236.5,3
ORD200931,2024-01-01 00:00:00,Printer,40.23,2
ORD200737,2024-01-03 00:00:00,Phone,532.87,4
ORD200082,2024-01-05 00:00:00,Tablet,565.2,4
ORD200548,2024-01-05 00:00:00,Printer,426.12,3
ORD200399,2024-01-07 00:00:00,Tablet,423.93,5
ORD201105,2024-01-08 00:00:00,Tablet,475.69,3
ORD201164,2024-01-08 00:00:00,Tablet,315.57,5
ORD200674,2024-01-09 00:00:00,Laptop,358.75,4
ORD200712,2024-01-09 00:00:00,Tablet,68.4,2
ORD200781,2024-01-10 00:00:00,Phone,524.26,5
ORD200936,2024-01-12 00:00:00,Chair,56.66,4
ORD200791,2024-01-13 00:00:00,Chair,409.28,4
ORD200840,2024-01-14 00:00:00,Chair,411.95,3
ORD200450,2024-01-15 00:00:00,Monitor,615.1,5
ORD200476,2024-01-15 00:00:00,Phone,513.59,2
ORD200624,2024-01-16 00:00:00,Tablet,341.96,5
ORD200937,2024-01-16 00:00:00,Chair,298.53,2
ORD200113,2024-01-17 00:00:00,Laptop,190.08,5
ORD200410,2024-01-18 00:00:00,Tablet,518.23,2
ORD200656,2024-01-18 00:00:00,Monitor,189.06,2
ORD200299,2024-01-20 00:00:00,Monitor,278.66,1
ORD200719,2024-01-21 00:00:00,Laptop,681.06,2
ORD200912,2024-01-22 00:00:00,Desk,139.69,2
ORD200860,2024-01-23 00:00:00,Printer,422.54,1
ORD200734,2024-01-23 00:00:00,Printer,224.61,4
ORD200574,2024-01-24 00:00:00,Chair,384.69,5
ORD201015,2024-01-26 00:00:00,Printer,349.4,2
ORD200812,2024-01-26 00:00:00,Phone,255.26,2
ORD200540,2024-01-29 00:00:00,Laptop,648.65,5
ORD201024,2024-01-29 00:00:00,Chair,367.75,3
ORD200681,2024-01-30 00:00:00,Tablet,155.27,1
ORD200378,2024-02-01 00:00:00,Chair,64.5,5
ORD200347,2024-02-03 00:00:00,Printer,264.79,4
ORD201014,2024-02-04 00:00:00,Tablet,226.45,5
ORD200501,2024-02-04 00:00:00,Desk,203.46,4
ORD200249,2024-02-07 00:00:00,Printer,546.19,1
ORD200968,2024-02-08 00:00:00,Monitor,412.2,4
ORD200617,2024-02-08 00:00:00,Tablet,184.47,3
ORD200736,2024-02-09 00:00:00,Monitor,418.53,5
ORD200045,2024-02-10 00:00:00,Chair,317.25,1
ORD200770,2024-02-11 00:00:00,Desk,314.38,1
ORD200808,2024-02-13 00:00:00,Desk,134.05,3
ORD200915,2024-02-16 00:00:00,Laptop,502.99,4
ORD200802,2024-02-17 00:00:00,Chair,644.64,5
ORD200011,2024-02-17 00:00:00,Monitor,49.14,3
ORD200582,2024-02-19 00:00:00,Tablet,474.14,3
ORD200816,2024-02-21 00:00:00,Tablet,574.79,5
ORD200594,2024-02-21 00:00:00,Phone,72.64,5
ORD200027,2024-02-22 00:00:00,Printer,472.74,1
ORD200757,2024-02-22 00:00:00,Desk,157.72,1
ORD200221,2024-02-23 00:00:00,Tablet,639.37,5
ORD201159,2024-02-23 00:00:00,Desk,466.7,4
ORD200310,2024-02-24 00:00:00,Printer,132.48,3
ORD200653,2024-02-25 00:00:00,Printer,690.3,3
ORD200521,2024-02-25 00:00:00,Phone,528.06,1
ORD201110,2024-02-25 00:00:00,Chair,84.31,3
ORD200465,2024-02-26 00:00:00,Printer,513.49,5
ORD200258,2024-02-26 00:00:00,Tablet,103.41,2
ORD200640,2024-02-27 00:00:00,Chair,587.49,2
ORD200002,2024-02-27 00:00:00,Tablet,550.68,5
ORD200392,2024-02-28 00:00:00,Phone,627.2,1
ORD201192,2024-02-28 00:00:00,Chair,432.85,3
ORD200526,2024-02-29 00:00:00,Desk,46.5,2
ORD200626,2024-03-01 00:00:00,Tablet,657.48,2
ORD200546,2024-03-01 00:00:00,Monitor,158.68,1
ORD200017,2024-03-02 00:00:00,Tablet,423.4,1
ORD200145,2024-03-02 00:00:00,Printer,146.91,3
ORD201196,2024-03-04 00:00:00,Monitor,662.53,2
ORD200602,2024-03-05 00:00:00,Tablet,26.04,4
ORD200688,2024-03-06 00:00:00,Monitor,593.22,4
ORD200026,2024-03-06 00:00:00,Laptop,59.55,5
ORD200614,2024-03-08 00:00:00,Phone,96.81,1
ORD200543,2024-03-09 00:00:00,Desk,269.86,5
ORD200764,2024-03-10 00:00:00,Laptop,627.43,5
ORD200857,2024-03-10 00:00:00,Phone,257.84,3
ORD200544,2024-03-10 00:00:00,Printer,31.96,5
ORD200963,2024-03-11 00:00:00,Chair,530.34,5
ORD200832,2024-03-12 00:00:00,Chair,485.71,5
ORD200348,2024-03-13 00:00:00,Laptop,359.73,3
ORD200225,2024-03-13 00:00:00,Phone,273.96,3
ORD201187,2024-03-13 00:00:00,Desk,184.6,2
ORD200237,2024-03-14 00:00:00,Monitor,583.72,3
ORD200511,2024-03-15 00:00:00,Monitor,575.24,5
ORD200869,2024-03-17 00:00:00,Desk,533.95,2
ORD200787,2024-03-17 00:00:00,Desk,221.96,4
ORD200721,2024-03-18 00:00:00,Desk,118.59,2
ORD201007,2024-03-20 00:00:00,Monitor,73.26,2
ORD200926,2024-03-20 00:00:00,Desk,26.95,1
ORD200445,2024-03-23 00:00:00,Phone,487.21,1
ORD200253,2024-03-23 00:00:00,Chair,413.74,4
ORD200173,2024-03-24 00:00:00,Phone,664.46,3
ORD200061,2024-03-24 00:00:00,Desk,122.2,4
ORD200835,2024-03-26 00:00:00,Desk,679.65,1
ORD200455,2024-03-26 00:00:00,Phone,639.83,1
ORD200334,2024-03-26 00:00:00,Chair,224.75,4
ORD200620,2024-03-27 00:00:00,Tablet,136.34,3
ORD200161,2024-03-29 00:00:00,Monitor,211.14,1
ORD200076,2024-03-31 00:00:00,Laptop,382.88,4
ORD200780,2024-03-31 00:00:00,Laptop,184.48,4
ORD200976,2024-04-04 00:00:00,Tablet,589.3,3
ORD200184,2024-04-04 00:00:00,Tablet,214.54,4
ORD201019,2024-04-06 00:00:00,Desk,277.09,1
ORD200993,2024-04-06 00:00:00,Monitor,267.45,3
ORD200529,2024-04-07 00:00:00,Tablet,675.1,2
ORD200885,2024-04-07 00:00:00,Laptop,515.59,4
ORD200500,2024-04-07 00:00:00,Laptop,508.59,5
ORD200169,2024-04-07 00:00:00,Printer,427.82,1
ORD200447,2024-04-07 00:00:00,Printer,416.81,2
ORD200358,2024-04-07 00:00:00,Tablet,183.67,2
ORD200516,2024-04-07 00:00:00,Monitor,166.99,3
ORD201109,2024-04-08 00:00:00,Printer,77.47,4
ORD201133,2024-04-09 00:00:00,Printer,467.91,2
ORD200809,2024-04-09 00:00:00,Desk,217.43,5
ORD200517,2024-04-09 00:00:00,Tablet,198.35,4
ORD200633,2024-04-10 00:00:00,Laptop,601.72,5
ORD200339,2024-04-10 00:00:00,Printer,236.33,2
ORD200838,2024-04-11 00:00:00,Desk,577.08,4
ORD200178,2024-04-11 00:00:00,Chair,512.06,4
ORD200956,2024-04-11 00:00:00,Phone,160.98,2
ORD200834,2024-04-11 00:00:00,Printer,22.14,5
ORD200959,2024-04-13 00:00:00,Tablet,143.82,2
ORD200122,2024-04-15 00:00:00,Laptop,533.02,2
ORD200793,2024-04-15 00:00:00,Chair,170.22,5
ORD200559,2024-04-15 00:00:00,Desk,157.4,3
ORD200663,2024-04-15 00:00:00,Monitor,72.6,1
ORD200174,2024-04-16 00:00:00,Printer,600.81,4
ORD200206,2024-04-16 00:00:00,Laptop,229.1,4
ORD200333,2024-04-16 00:00:00,Phone,198.51,1
ORD200419,2024-04-17 00:00:00,Tablet,216.66,2
ORD200670,2024-04-18 00:00:00,Desk,539.2,4
ORD200437,2024-04-18 00:00:00,Phone,512.39,1
ORD200183,2024-04-18 00:00:00,Monitor,186.28,5
ORD200566,2024-04-18 00:00:00,Phone,162.71,4
ORD200522,2024-04-20 00:00:00,Chair,515.32,1
ORD200380,2024-04-20 00:00:00,Printer,331.9,4
ORD200110,2024-04-21 00:00:00,Tablet,220.77,1
ORD200195,2024-04-22 00:00:00,Chair,619.21,3
ORD201020,2024-04-22 00:00:00,Tablet,26.5,2
ORD201095,2024-04-23 00:00:00,Phone,441.54,2
ORD200257,2024-04-23 00:00:00,Phone,406.22,1
ORD200592,2024-04-23 00:00:00,Phone,204.27,3
ORD200753,2024-04-24 00:00:00,Phone,241.49,2
ORD200367,2024-04-25 00:00:00,Laptop,658.77,5
ORD200634,2024-04-25 00:00:00,Printer,259.32,2
ORD200598,2024-04-26 00:00:00,Desk,495.35,5
ORD200136,2024-04-27 00:00:00,Laptop,44.35,1
ORD200996,2024-04-28 00:00:00,Monitor,473.86,4
ORD200901,2024-04-28 00:00:00,Tablet,458.63,1
ORD200642,2024-04-29 00:00:00,Chair,85.22,5
ORD200946,2024-05-04 00:00:00,Phone,404.96,2
ORD200442,2024-05-06 00:00:00,Chair,314.94,5
ORD200042,2024-05-06 00:00:00,Printer,151.66,2
ORD201060,2024-05-07 00:00:00,Tablet,273.43,2
ORD200928,2024-05-09 00:00:00,Laptop,247.11,3
ORD200991,2024-05-09 00:00:00,Desk,127.18,5
ORD200605,2024-05-10 00:00:00,Monitor,228.91,2
ORD201074,2024-05-10 00:00:00,Phone,222.73,1
ORD200291,2024-05-12 00:00:00,Phone,345.01,2
ORD200873,2024-05-12 00:00:00,Desk,136.84,3
ORD200255,2024-05-13 00:00:00,Monitor,263.96,1
ORD200443,2024-05-14 00:00:00,Chair,69.64,2
ORD200884,2024-05-15 00:00:00,Chair,595.54,1
ORD200158,2024-05-16 00:00:00,Tablet,331.06,1
ORD200871,2024-05-16 00:00:00,Tablet,324.3,3
ORD200053,2024-05-18 00:00:00,Phone,488.78,4
ORD201117,2024-05-20 00:00:00,Chair,588.44,3
ORD200217,2024-05-20 00:00:00,Desk,321.51,4
ORD200863,2024-05-20 00:00:00,Phone,14.06,1
ORD201027,2024-05-21 00:00:00,Laptop,554.83,4
ORD200077,2024-05-24 00:00:00,Phone,583.18,1
ORD200538,2024-05-24 00:00:00,Phone,490.74,3
ORD201118,2024-05-24 00:00:00,Phone,251.48,3
ORD200363,2024-05-24 00:00:00,Laptop,113.87,5
ORD200867,2024-05-26 00:00:00,Printer,142.58,4
ORD200971,2024-05-27 00:00:00,Monitor,605.26,2
ORD201006,2024-05-27 00:00:00,Tablet,420.98,5
ORD200909,2024-05-27 00:00:00,Tablet,291.85,2
ORD201157,2024-05-29 00:00:00,Monitor,301.55,3
ORD200576,2024-05-29 00:00:00,Laptop,79.08,5
ORD200484,2024-05-29 00:00:00,Chair,15.01,4
ORD200950,2024-05-31 00:00:00,Laptop,596.24,1
ORD201036,2024-05-31 00:00:00,Phone,413.83,3
ORD200910,2024-05-31 00:00:00,Printer,308.98,3
ORD200096,2024-06-01 00:00:00,Phone,232.83,2
ORD200330,2024-06-02 00:00:00,Desk,260.53,5
ORD200856,2024-06-03 00:00:00,Phone,586.62,1
ORD201102,2024-06-03 00:00:00,Chair,347.17,4
ORD200892,2024-06-04 00:00:00,Desk,394.53,1
ORD200652,2024-06-05 00:00:00,Chair,341.84,5
ORD200534,2024-06-06 00:00:00,Chair,648.59,3
ORD200360,2024-06-06 00:00:00,Phone,589.57,4
ORD200731,2024-06-07 00:00:00,Printer,584.46,5
ORD200306,2024-06-07 00:00:00,Printer,57.07,2
ORD200266,2024-06-08 00:00:00,Chair,583.07,4
ORD200461,2024-06-08 00:00:00,Tablet,401.82,1
ORD200194,2024-06-08 00:00:00,Monitor,249.57,1
ORD200444,2024-06-08 00:00:00,Printer,135.17,1
ORD201134,2024-06-08 00:00:00,Desk,38.28,4
ORD200536,2024-06-09 00:00:00,Chair,616.1,1
ORD200876,2024-06-09 00:00:00,Chair,608.91,5
ORD200702,2024-06-09 00:00:00,Printer,562.55,3
ORD200972,2024-06-09 00:00:00,Laptop,90.27,1
ORD200092,2024-06-10 00:00:00,Printer,48.61,4
ORD200198,2024-06-11 00:00:00,Laptop,340.3,4
ORD201163,2024-06-11 00:00:00,Laptop,306.29,3
ORD200771,2024-06-12 00:00:00,Phone,692.44,3
ORD200744,2024-06-12 00:00:00,Tablet,461.37,2
ORD200716,2024-06-13 00:00:00,Chair,454.29,3
ORD200143,2024-06-13 00:00:00,Chair,400.07,4
ORD200739,2024-06-13 00:00:00,Phone,386.73,4
ORD200324,2024-06-13 00:00:00,Tablet,70.93,3
ORD201056,2024-06-14 00:00:00,Phone,486.35,2
ORD200322,2024-06-14 00:00:00,Phone,231.82,5
ORD201034,2024-06-16 00:00:00,Printer,517.98,4
ORD200610,2024-06-16 00:00:00,Desk,389.62,5
ORD200922,2024-06-17 00:00:00,Desk,563.82,2
ORD200086,2024-06-19 00:00:00,Printer,643.03,5
ORD200296,2024-06-19 00:00:00,Desk,638.8,5
ORD201063,2024-06-19 00:00:00,Desk,320.68,2
ORD200411,2024-06-19 00:00:00,Desk,39.51,2
ORD201079,2024-06-20 00:00:00,Phone,634.0,5
ORD201195,2024-06-20 00:00:00,Desk,107.04,1
ORD200948,2024-06-21 00:00:00,Phone,594.07,2
ORD200916,2024-06-21 00:00:00,Printer,578.83,5
ORD200701,2024-06-23 00:00:00,Monitor,92.22,3
ORD201140,2024-06-24 00:00:00,Printer,552.83,2
ORD201148,2024-06-25 00:00:00,Phone,355.15,1
ORD200978,2024-06-25 00:00:00,Printer,107.49,4
ORD200046,2024-06-26 00:00:00,Monitor,550.14,4
ORD200994,2024-06-27 00:00:00,Tablet,615.65,4
ORD200756,2024-06-27 00:00:00,Phone,283.69,1
ORD200387,2024-06-27 00:00:00,Printer,39.53,2
ORD200735,2024-06-28 00:00:00,Monitor,44.07,4
ORD200361,2024-06-29 00:00:00,Printer,659.85,5
ORD200868,2024-06-29 00:00:00,Monitor,316.32,4
ORD200641,2024-06-30 00:00:00,Printer,567.57,4
ORD200326,2024-07-01 00:00:00,Laptop,670.48,5
ORD200458,2024-07-02 00:00:00,Monitor,510.58,4
ORD200531,2024-07-02 00:00:00,Desk,320.01,5
ORD200332,2024-07-03 00:00:00,Desk,125.02,5
ORD200711,2024-07-04 00:00:00,Tablet,475.78,2
ORD200846,2024-07-04 00:00:00,Desk,359.86,2
ORD200668,2024-07-05 00:00:00,Monitor,253.67,2
ORD201185,2024-07-08 00:00:00,Chair,343.31,1
ORD201083,2024-07-09 00:00:00,Chair,123.28,1
ORD200690,2024-07-12 00:00:00,Monitor,24.48,1
ORD200902,2024-07-13 00:00:00,Monitor,180.25,4
ORD200393,2024-07-14 00:00:00,Printer,75.01,1
ORD200748,2024-07-15 00:00:00,Tablet,70.81,3
ORD200558,2024-07-16 00:00:00,Phone,628.12,4
ORD200619,2024-07-16 00:00:00,Laptop,532.89,1
ORD201131,2024-07-18 00:00:00,Phone,694.5,1
ORD201049,2024-07-18 00:00:00,Desk,391.86,5
ORD200530,2024-07-18 00:00:00,Chair,89.41,4
ORD200423,2024-07-20 00:00:00,Printer,685.2,4
ORD200740,2024-07-20 00:00:00,Desk,377.47,2
ORD200985,2024-07-20 00:00:00,Desk,243.71,1
ORD200490,2024-07-22 00:00:00,Chair,467.81,5
ORD200951,2024-07-22 00:00:00,Printer,306.24,2
ORD200377,2024-07-22 00:00:00,Monitor,260.26,1
ORD201126,2024-07-22 00:00:00,Phone,190.11,5
ORD200710,2024-07-22 00:00:00,Laptop,21.54,5
ORD200888,2024-07-23 00:00:00,Laptop,266.95,2
ORD200608,2024-07-24 00:00:00,Laptop,543.16,5
ORD200828,2024-07-24 00:00:00,Chair,404.58,4
ORD200025,2024-07-24 00:00:00,Monitor,399.98,1
ORD200459,2024-07-24 00:00:00,Desk,334.39,1
ORD200535,2024-07-24 00:00:00,Monitor,68.12,3
ORD201149,2024-07-25 00:00:00,Chair,695.29,2
ORD200877,2024-07-25 00:00:00,Tablet,524.06,1
ORD201104,2024-07-25 00:00:00,Tablet,314.76,4
ORD200715,2024-07-26 00:00:00,Printer,653.63,3
ORD200866,2024-07-26 00:00:00,Desk,189.25,5
ORD200318,2024-07-27 00:00:00,Chair,148.72,3
ORD200772,2024-07-28 00:00:00,Monitor,604.87,1
ORD200124,2024-07-28 00:00:00,Printer,283.79,4
ORD201137,2024-07-29 00:00:00,Printer,410.21,4
ORD200728,2024-07-29 00:00:00,Desk,325.76,4
ORD200104,2024-07-30 00:00:00,Phone,582.04,1
ORD200264,2024-08-03 00:00:00,Tablet,436.77,1
ORD201068,2024-08-03 00:00:00,Laptop,133.39,1
ORD200815,2024-08-04 00:00:00,Printer,569.84,3
ORD200907,2024-08-04 00:00:00,Desk,298.39,5
ORD200675,2024-08-06 00:00:00,Desk,342.02,3
ORD200078,2024-08-06 00:00:00,Printer,175.36,4
ORD200782,2024-08-11 00:00:00,Monitor,493.63,2
ORD200911,2024-08-13 00:00:00,Desk,396.86,5
ORD201189,2024-08-17 00:00:00,Tablet,389.22,5
ORD200527,2024-08-19 00:00:00,Chair,653.47,5
ORD200060,2024-08-21 00:00:00,Desk,417.1,1
ORD200214,2024-08-21 00:00:00,Desk,305.72,4
ORD201198,2024-08-22 00:00:00,Chair,262.52,4
ORD201142,2024-08-23 00:00:00,Phone,695.1,4
ORD200001,2024-08-23 00:00:00,Phone,151.35,2
ORD200233,2024-08-24 00:00:00,Phone,311.33,3
ORD201017,2024-08-25 00:00:00,Chair,680.85,2
ORD200643,2024-08-26 00:00:00,Laptop,438.37,1
ORD200449,2024-08-26 00:00:00,Tablet,253.05,3
ORD200992,2024-08-27 00:00:00,Printer,586.21,3
ORD200859,2024-08-28 00:00:00,Chair,261.33,5
ORD200246,2024-08-30 00:00:00,Desk,342.11,2
ORD200467,2024-08-30 00:00:00,Desk,45.94,1
ORD201075,2024-08-31 00:00:00,Monitor,552.63,2
ORD200181,2024-08-31 00:00:00,Printer,404.39,5
ORD200666,2024-08-31 00:00:00,Monitor,327.12,4
ORD200190,2024-08-31 00:00:00,Printer,223.7,3
ORD200631,2024-08-31 00:00:00,Chair,46.11,3
ORD200300,2024-09-02 00:00:00,Phone,287.46,1
ORD200897,2024-09-03 00:00:00,Laptop,481.48,4
ORD200618,2024-09-03 00:00:00,Tablet,411.34,1
ORD200906,2024-09-03 00:00:00,Monitor,62.12,1
ORD201160,2024-09-04 00:00:00,Desk,541.64,1
ORD200398,2024-09-04 00:00:00,Phone,53.93,5
ORD201070,2024-09-06 00:00:00,Desk,491.29,4
ORD200982,2024-09-06 00:00:00,Monitor,304.11,1
ORD200962,2024-09-06 00:00:00,Phone,142.08,2
ORD200986,2024-09-07 00:00:00,Laptop,644.96,4
ORD200970,2024-09-07 00:00:00,Desk,627.15,1
ORD200052,2024-09-08 00:00:00,Tablet,586.44,1
ORD200439,2024-09-08 00:00:00,Tablet,146.32,1
ORD201178,2024-09-08 00:00:00,Monitor,70.24,1
ORD200085,2024-09-09 00:00:00,Tablet,146.73,3
ORD200277,2024-09-09 00:00:00,Chair,90.92,5
ORD201048,2024-09-09 00:00:00,Monitor,73.65,4
ORD201175,2024-09-10 00:00:00,Printer,91.74,3
ORD200223,2024-09-11 00:00:00,Phone,692.91,4
ORD200059,2024-09-11 00:00:00,Chair,593.27,4
ORD200165,2024-09-14 00:00:00,Monitor,500.29,2
ORD200790,2024-09-14 00:00:00,Laptop,417.89,4
ORD201053,2024-09-15 00:00:00,Phone,496.62,2
ORD200374,2024-09-16 00:00:00,Monitor,571.9,1
ORD200762,2024-09-17 00:00:00,Phone,76.96,3
ORD200841,2024-09-19 00:00:00,Printer,443.22,2
ORD201099,2024-09-19 00:00:00,Laptop,125.23,2
ORD200252,2024-09-20 00:00:00,Phone,668.36,4
ORD200029,2024-09-20 00:00:00,Desk,423.53,3
ORD201045,2024-09-20 00:00:00,Laptop,316.4,5
ORD200379,2024-09-21 00:00:00,Phone,297.67,3
ORD201059,2024-09-22 00:00:00,Desk,265.64,1
ORD200684,2024-09-22 00:00:00,Printer,34.84,4
ORD201023,2024-09-23 00:00:00,Laptop,233.67,5
ORD200341,2024-09-23 00:00:00,Tablet,167.15,1
ORD201057,2024-09-24 00:00:00,Laptop,428.88,3
ORD200700,2024-09-25 00:00:00,Laptop,92.91,2
ORD200512,2024-09-27 00:00:00,Desk,568.02,3
ORD200819,2024-09-28 00:00:00,Phone,398.45,2
ORD200400,2024-09-28 00:00:00,Desk,160.22,4
ORD200637,2024-09-29 00:00:00,Chair,306.35,4
ORD200727,2024-09-29 00:00:00,Chair,95.75,5
ORD200743,2024-09-30 00:00:00,Monitor,576.35,1
ORD200567,2024-09-30 00:00:00,Chair,492.94,5
ORD200752,2024-10-03 00:00:00,Phone,429.37,4
ORD201146,2024-10-03 00:00:00,Monitor,421.44,5
ORD200603,2024-10-04 00:00:00,Tablet,657.07,1
ORD201173,2024-10-04 00:00:00,Monitor,208.36,1
ORD200460,2024-10-06 00:00:00,Laptop,144.25,1
ORD200431,2024-10-06 00:00:00,Printer,52.54,1
ORD200823,2024-10-07 00:00:00,Laptop,653.13,4
ORD201046,2024-10-07 00:00:00,Tablet,547.15,3
ORD200208,2024-10-08 00:00:00,Desk,408.32,2
ORD201091,2024-10-08 00:00:00,Laptop,209.48,3
ORD200578,2024-10-10 00:00:00,Monitor,566.07,5
ORD200087,2024-10-10 00:00:00,Tablet,225.11,3
ORD201073,2024-10-11 00:00:00,Tablet,362.06,4
ORD200037,2024-10-14 00:00:00,Laptop,76.74,2
ORD200805,2024-10-15 00:00:00,Laptop,472.01,5
ORD200012,2024-10-15 00:00:00,Monitor,180.5,2
ORD200929,2024-10-16 00:00:00,Tablet,536.25,2
ORD200616,2024-10-17 00:00:00,Tablet,601.6,3
ORD200304,2024-10-18 00:00:00,Monitor,408.73,5
ORD200896,2024-10-18 00:00:00,Desk,147.29,3
ORD200724,2024-10-18 00:00:00,Printer,136.97,3
ORD200660,2024-10-19 00:00:00,Chair,651.57,2
ORD200954,2024-10-22 00:00:00,Chair,443.44,3
ORD200852,2024-10-24 00:00:00,Desk,568.05,3
ORD200105,2024-10-24 00:00:00,Printer,185.4,3
ORD200497,2024-10-24 00:00:00,Printer,112.29,3
ORD200726,2024-10-25 00:00:00,Laptop,583.02,4
ORD200659,2024-10-26 00:00:00,Phone,642.04,2
ORD200889,2024-10-27 00:00:00,Monitor,650.72,5
ORD200273,2024-10-27 00:00:00,Tablet,238.25,2
ORD200024,2024-10-30 00:00:00,Laptop,230.95,2
ORD200707,2024-11-01 00:00:00,Chair,650.04,4
ORD200478,2024-11-01 00:00:00,Tablet,62.77,3
ORD200622,2024-11-02 00:00:00,Desk,236.38,5
ORD200440,2024-11-05 00:00:00,Desk,83.6,4
ORD200125,2024-11-06 00:00:00,Phone,512.65,2
ORD200606,2024-11-06 00:00:00,Laptop,274.75,3
ORD200156,2024-11-08 00:00:00,Chair,269.83,2
ORD200807,2024-11-10 00:00:00,Monitor,676.21,3
ORD200403,2024-11-10 00:00:00,Tablet,620.21,1
ORD200586,2024-11-10 00:00:00,Monitor,522.08,1
ORD200581,2024-11-11 00:00:00,Laptop,627.34,1
ORD200961,2024-11-11 00:00:00,Phone,601.36,1
ORD200651,2024-11-12 00:00:00,Chair,646.34,3
ORD200066,2024-11-15 00:00:00,Chair,127.18,5
ORD200722,2024-11-15 00:00:00,Printer,95.1,1
ORD200021,2024-11-17 00:00:00,Monitor,342.95,4
ORD200591,2024-11-18 00:00:00,Laptop,605.28,1
ORD200847,2024-11-18 00:00:00,Printer,434.23,4
ORD200278,2024-11-18 00:00:00,Laptop,362.46,5
ORD200795,2024-11-20 00:00:00,Laptop,115.77,4
ORD200571,2024-11-23 00:00:00,Tablet,214.08,1
ORD200695,2024-11-23 00:00:00,Printer,101.3,5
ORD201119,2024-11-24 00:00:00,Laptop,684.65,1
ORD200384,2024-11-24 00:00:00,Chair,553.57,3
ORD200179,2024-11-24 00:00:00,Laptop,539.91,3
ORD200983,2024-11-24 00:00:00,Monitor,296.28,4
ORD200691,2024-11-24 00:00:00,Laptop,239.08,3
ORD200678,2024-11-24 00:00:00,Chair,163.13,3
ORD200597,2024-11-25 00:00:00,Desk,211.82,2
ORD200428,2024-11-26 00:00:00,Chair,262.58,4
ORD200137,2024-11-26 00:00:00,Monitor,250.98,2
ORD200234,2024-11-26 00:00:00,Printer,236.41,4
ORD200454,2024-11-27 00:00:00,Laptop,109.29,1
ORD200420,2024-11-29 00:00:00,Phone,452.7,1
ORD200742,2024-11-30 00:00:00,Laptop,699.93,3
ORD201132,2024-12-02 00:00:00,Chair,337.32,2
ORD201011,2024-12-03 00:00:00,Phone,478.36,2
ORD201012,2024-12-03 00:00:00,Printer,30.05,4
ORD200844,2024-12-04 00:00:00,Chair,320.92,1
ORD200210,2024-12-05 00:00:00,Chair,358.48,3
ORD200488,2024-12-05 00:00:00,Chair,36.65,1
ORD200346,2024-12-06 00:00:00,Tablet,655.09,1
ORD200035,2024-12-07 00:00:00,Monitor,465.15,2
ORD200709,2024-12-07 00:00:00,Desk,386.03,1
ORD200303,2024-12-07 00:00:00,Tablet,30.54,1
ORD201042,2024-12-09 00:00:00,Tablet,409.75,2
ORD200067,2024-12-09 00:00:00,Printer,12.1,4
ORD200588,2024-12-10 00:00:00,Monitor,577.82,4
ORD200239,2024-12-11 00:00:00,Tablet,538.74,3
ORD200830,2024-12-11 00:00:00,Tablet,190.64,4
ORD200814,2024-12-11 00:00:00,Chair,147.51,4
ORD200238,2024-12-13 00:00:00,Desk,384.32,4
ORD200821,2024-12-14 00:00:00,Laptop,174.49,4
ORD200148,2024-12-15 00:00:00,Phone,319.91,2
ORD201153,2024-12-16 00:00:00,Monitor,696.71,4
ORD200930,2024-12-16 00:00:00,Phone,456.04,2
ORD200944,2024-12-16 00:00:00,Laptop,426.22,2
ORD200510,2024-12-16 00:00:00,Printer,376.76,1
ORD200153,2024-12-18 00:00:00,Chair,534.48,4
ORD200427,2024-12-18 00:00:00,Desk,161.24,1
ORD200320,2024-12-19 00:00:00,Printer,625.51,1
ORD200429,2024-12-19 00:00:00,Printer,515.19,4
ORD200038,2024-12-19 00:00:00,Laptop,245.89,1
ORD200613,2024-12-19 00:00:00,Laptop,230.36,2
ORD200664,2024-12-19 00:00:00,Laptop,194.75,4
ORD200887,2024-12-19 00:00:00,Chair,171.66,3
ORD200925,2024-12-20 00:00:00,Monitor,502.47,5
ORD200072,2024-12-22 00:00:00,Tablet,589.44,4
ORD200369,2024-12-22 00:00:00,Monitor,375.25,5
ORD201169,2024-12-23 00:00:00,Chair,525.43,1
ORD201033,2024-12-24 00:00:00,Monitor,370.85,1
ORD200329,2024-12-25 00:00:00,Chair,283.16,4
ORD201097,2024-12-26 00:00:00,Monitor,506.45,5
ORD200570,2024-12-27 00:00:00,Desk,362.14,2
ORD200108,2024-12-28 00:00:00,Laptop,48.38,5
ORD200051,2024-12-30 00:00:00,Tablet,388.33,1
ORD200408,2025-01-01 00:00:00,Printer,412.53,3
ORD201147,2025-01-02 00:00:00,Chair,588.3,2
ORD200152,2025-01-02 00:00:00,Chair,399.04,2
ORD200438,2025-01-03 00:00:00,Tablet,459.34,3
ORD200211,2025-01-03 00:00:00,Printer,193.58,3
ORD200168,2025-01-04 00:00:00,Printer,594.96,1
ORD200595,2025-01-10 00:00:00,Printer,385.16,2
ORD201043,2025-01-11 00:00:00,Tablet,179.96,2
ORD200292,2025-01-15 00:00:00,Monitor,65.95,1
ORD200391,2025-01-16 00:00:00,Laptop,527.46,2
ORD200375,2025-01-16 00:00:00,Monitor,95.03,4
ORD200648,2025-01-18 00:00:00,Monitor,575.83,2
ORD200917,2025-01-20 00:00:00,Laptop,383.82,5
ORD200097,2025-01-21 00:00:00,Tablet,619.52,5
ORD200203,2025-01-21 00:00:00,Printer,356.84,3
ORD200130,2025-01-22 00:00:00,Desk,501.3,3
ORD200199,2025-01-23 00:00:00,Phone,625.0,1
ORD200741,2025-01-23 00:00:00,Monitor,332.64,5
ORD200196,2025-01-24 00:00:00,Desk,217.13,4
ORD200103,2025-01-25 00:00:00,Phone,218.43,4
ORD200405,2025-01-26 00:00:00,Monitor,451.97,4
ORD200323,2025-01-26 00:00:00,Laptop,150.17,1
ORD200114,2025-01-27 00:00:00,Monitor,498.48,5
ORD200609,2025-01-27 00:00:00,Chair,449.13,3
ORD200493,2025-01-28 00:00:00,Phone,420.26,1
ORD201061,2025-01-29 00:00:00,Laptop,131.7,5
ORD200382,2025-01-30 00:00:00,Printer,263.09,4
ORD200063,2025-02-02 00:00:00,Chair,564.86,1
ORD200185,2025-02-02 00:00:00,Laptop,210.7,1
ORD200988,2025-02-04 00:00:00,Desk,629.56,2
ORD201172,2025-02-04 00:00:00,Desk,131.96,3
ORD200697,2025-02-04 00:00:00,Printer,94.85,5
ORD200904,2025-02-05 00:00:00,Monitor,237.43,4
ORD200202,2025-02-06 00:00:00,Monitor,253.98,3
ORD200919,2025-02-07 00:00:00,Printer,374.6,2
ORD200685,2025-02-07 00:00:00,Desk,234.37,1
ORD200900,2025-02-07 00:00:00,Laptop,73.83,5
ORD200175,2025-02-08 00:00:00,Chair,68.34,5
ORD200513,2025-02-09 00:00:00,Tablet,94.88,3
ORD200914,2025-02-10 00:00:00,Desk,626.6,1
ORD200589,2025-02-10 00:00:00,Laptop,500.8,2
ORD201191,2025-02-10 00:00:00,Desk,376.43,4
ORD201064,2025-02-12 00:00:00,Laptop,198.81,4
ORD200365,2025-02-14 00:00:00,Phone,678.38,1
ORD200372,2025-02-14 00:00:00,Chair,483.53,3
ORD200351,2025-02-15 00:00:00,Laptop,64.66,1
ORD201141,2025-02-16 00:00:00,Chair,498.66,3
ORD201130,2025-02-16 00:00:00,Laptop,323.45,2
ORD200523,2025-02-18 00:00:00,Desk,657.79,4
ORD200539,2025-02-18 00:00:00,Desk,531.72,3
ORD200760,2025-02-18 00:00:00,Desk,39.56,1
ORD200157,2025-02-21 00:00:00,Monitor,564.58,2
ORD200730,2025-02-22 00:00:00,Phone,474.6,1
ORD200746,2025-02-24 00:00:00,Desk,661.89,3
ORD201022,2025-02-24 00:00:00,Tablet,450.98,3
ORD200549,2025-02-25 00:00:00,Monitor,629.88,4
ORD200089,2025-02-25 00:00:00,Printer,455.33,5
ORD200473,2025-02-25 00:00:00,Chair,14.93,2
ORD200528,2025-02-26 00:00:00,Chair,628.89,1
ORD200952,2025-02-27 00:00:00,Monitor,503.39,3
ORD200039,2025-02-27 00:00:00,Printer,256.46,3
ORD200283,2025-02-28 00:00:00,Laptop,540.33,4
ORD200661,2025-02-28 00:00:00,Tablet,424.89,3
ORD200984,2025-02-28 00:00:00,Desk,77.64,1
ORD201139,2025-03-01 00:00:00,Chair,501.82,3
ORD201029,2025-03-01 00:00:00,Desk,87.06,1
ORD200482,2025-03-02 00:00:00,Monitor,381.41,3
ORD200706,2025-03-02 00:00:00,Desk,228.09,5
ORD200335,2025-03-03 00:00:00,Tablet,205.86,3
ORD200708,2025-03-04 00:00:00,Printer,665.11,1
ORD200166,2025-03-04 00:00:00,Chair,86.29,3
ORD200477,2025-03-05 00:00:00,Phone,253.74,2
ORD200898,2025-03-05 00:00:00,Monitor,158.37,3
ORD201051,2025-03-05 00:00:00,Monitor,26.43,5
ORD200344,2025-03-06 00:00:00,Tablet,623.34,3
ORD200615,2025-03-07 00:00:00,Monitor,460.14,5
ORD201077,2025-03-07 00:00:00,Printer,305.16,3
ORD200732,2025-03-07 00:00:00,Laptop,132.05,1
ORD200191,2025-03-08 00:00:00,Laptop,488.87,2
ORD200826,2025-03-08 00:00:00,Printer,463.81,3
ORD200079,2025-03-10 00:00:00,Tablet,311.91,2
ORD201162,2025-03-11 00:00:00,Phone,224.37,2
ORD200920,2025-03-12 00:00:00,Tablet,428.09,2
ORD200747,2025-03-12 00:00:00,Tablet,259.58,2
ORD200880,2025-03-12 00:00:00,Laptop,233.7,4
ORD200693,2025-03-12 00:00:00,Monitor,176.58,1
ORD200496,2025-03-14 00:00:00,Printer,201.21,3
ORD200833,2025-03-14 00:00:00,Phone,78.29,5
ORD201127,2025-03-15 00:00:00,Printer,602.75,3
ORD201089,2025-03-15 00:00:00,Tablet,599.74,2
ORD200822,2025-03-15 00:00:00,Phone,479.56,1
ORD200188,2025-03-15 00:00:00,Chair,363.91,2
ORD201038,2025-03-15 00:00:00,Tablet,362.53,3
ORD200813,2025-03-15 00:00:00,Laptop,292.54,5
ORD200426,2025-03-16 00:00:00,Monitor,57.45,5
ORD200207,2025-03-18 00:00:00,Phone,121.96,1
ORD200182,2025-03-19 00:00:00,Desk,600.54,1
ORD200584,2025-03-21 00:00:00,Chair,145.05,4
ORD200777,2025-03-21 00:00:00,Chair,64.49,5
ORD200030,2025-03-22 00:00:00,Monitor,426.7,2
ORD200924,2025-03-22 00:00:00,Printer,268.43,5
ORD200569,2025-03-22 00:00:00,Desk,250.68,5
ORD201087,2025-03-23 00:00:00,Laptop,693.07,4
ORD200537,2025-03-23 00:00:00,Tablet,247.47,3
ORD200018,2025-03-26 00:00:00,Desk,431.44,1
ORD200825,2025-03-26 00:00:00,Desk,271.69,5
ORD200054,2025-03-27 00:00:00,Chair,280.25,1
ORD200353,2025-03-28 00:00:00,Tablet,630.82,1
ORD200229,2025-03-28 00:00:00,Tablet,562.61,1
ORD200800,2025-03-28 00:00:00,Tablet,68.39,1
ORD200276,2025-03-29 00:00:00,Printer,600.57,2
ORD200705,2025-03-30 00:00:00,Monitor,49.08,2
ORD200462,2025-03-31 00:00:00,Phone,252.68,1
ORD200294,2025-04-01 00:00:00,Phone,297.71,2
ORD200008,2025-04-02 00:00:00,Phone,134.28,2
ORD200677,2025-04-03 00:00:00,Tablet,22.07,5
ORD200170,2025-04-04 00:00:00,Desk,662.94,4
ORD200172,2025-04-06 00:00:00,Printer,254.12,1
ORD200415,2025-04-06 00:00:00,Chair,184.15,1
ORD200286,2025-04-07 00:00:00,Monitor,139.45,3
ORD200879,2025-04-08 00:00:00,Phone,547.67,2
ORD200564,2025-04-08 00:00:00,Desk,364.28,5
ORD200401,2025-04-09 00:00:00,Printer,538.68,1
ORD200023,2025-04-09 00:00:00,Phone,273.25,4
ORD200412,2025-04-11 00:00:00,Tablet,133.01,5
ORD200099,2025-04-12 00:00:00,Printer,201.58,1
ORD200749,2025-04-13 00:00:00,Laptop,518.39,1
ORD200216,2025-04-15 00:00:00,Monitor,496.0,4
ORD200774,2025-04-15 00:00:00,Chair,20.54,3
ORD200939,2025-04-16 00:00:00,Laptop,521.4,2
ORD200267,2025-04-17 00:00:00,Chair,468.51,5
ORD200767,2025-04-18 00:00:00,Tablet,323.22,2
ORD200658,2025-04-18 00:00:00,Printer,46.36,2
ORD200471,2025-04-19 00:00:00,Desk,551.27,5
ORD200475,2025-04-19 00:00:00,Tablet,438.62,2
ORD200245,2025-04-20 00:00:00,Laptop,223.3,1
ORD200044,2025-04-21 00:00:00,Phone,550.18,2
ORD200282,2025-04-22 00:00:00,Printer,637.79,4
ORD200899,2025-04-23 00:00:00,Printer,323.37,2
ORD200647,2025-04-24 00:00:00,Desk,339.39,3
ORD200395,2025-04-25 00:00:00,Phone,127.41,3
ORD201013,2025-04-26 00:00:00,Laptop,300.56,4
ORD200850,2025-04-27 00:00:00,Monitor,638.5,3
ORD200796,2025-04-29 00:00:00,Phone,579.55,3
ORD200146,2025-04-30 00:00:00,Tablet,411.49,2
ORD200453,2025-05-02 00:00:00,Tablet,675.57,1
ORD200219,2025-05-02 00:00:00,Laptop,61.97,5
ORD201096,2025-05-03 00:00:00,Tablet,464.92,2
ORD200370,2025-05-03 00:00:00,Phone,312.11,1
ORD200126,2025-05-03 00:00:00,Desk,275.5,4
ORD200532,2025-05-03 00:00:00,Laptop,41.0,2
ORD200414,2025-05-04 00:00:00,Desk,139.57,2
ORD200908,2025-05-06 00:00:00,Desk,697.93,2
ORD200967,2025-05-06 00:00:00,Tablet,638.92,5
ORD200147,2025-05-06 00:00:00,Laptop,465.18,2
ORD200842,2025-05-07 00:00:00,Laptop,364.14,3
ORD200111,2025-05-07 00:00:00,Desk,309.22,3
ORD200004,2025-05-08 00:00:00,Printer,626.01,4
ORD200036,2025-05-08 00:00:00,Laptop,534.43,2
ORD200243,2025-05-09 00:00:00,Chair,144.66,2
ORD200519,2025-05-10 00:00:00,Laptop,464.29,4
ORD201120,2025-05-10 00:00:00,Tablet,195.86,1
ORD201145,2025-05-12 00:00:00,Desk,571.53,3
ORD200315,2025-05-12 00:00:00,Tablet,91.67,5
ORD200883,2025-05-13 00:00:00,Printer,561.48,5
ORD200843,2025-05-13 00:00:00,Desk,430.06,3
ORD200508,2025-05-14 00:00:00,Phone,558.27,1
ORD200251,2025-05-15 00:00:00,Monitor,14.69,4
ORD200784,2025-05-16 00:00:00,Laptop,325.81,1
ORD200311,2025-05-17 00:00:00,Desk,489.37,5
ORD201025,2025-05-17 00:00:00,Chair,23.53,1
ORD200683,2025-05-18 00:00:00,Desk,652.48,4
ORD200798,2025-05-19 00:00:00,Phone,488.35,5
ORD200966,2025-05-20 00:00:00,Monitor,280.52,5
ORD200312,2025-05-24 00:00:00,Printer,66.31,5
ORD200457,2025-05-25 00:00:00,Desk,615.83,4
ORD200783,2025-05-26 00:00:00,Printer,438.34,1
ORD200261,2025-05-28 00:00:00,Phone,173.65,5
ORD200554,2025-05-30 00:00:00,Laptop,492.9,2
ORD200607,2025-05-31 00:00:00,Printer,634.05,4
ORD200140,2025-05-31 00:00:00,Chair,528.14,3
ORD200754,2025-05-31 00:00:00,Printer,452.05,2
ORD200870,2025-06-01 00:00:00,Phone,470.09,4
ORD200934,2025-06-01 00:00:00,Laptop,119.84,4
ORD200355,2025-06-03 00:00:00,Tablet,433.33,3
ORD200738,2025-06-04 00:00:00,Phone,485.37,2
ORD200495,2025-06-05 00:00:00,Phone,493.73,4
ORD200969,2025-06-05 00:00:00,Desk,440.34,1
ORD200987,2025-06-05 00:00:00,Phone,283.73,5
ORD200088,2025-06-05 00:00:00,Desk,114.81,3
ORD200200,2025-06-07 00:00:00,Tablet,433.26,5
ORD201190,2025-06-08 00:00:00,Desk,616.39,3
ORD201101,2025-06-08 00:00:00,Monitor,161.97,3
ORD201004,2025-06-09 00:00:00,Chair,246.91,4
ORD200973,2025-06-09 00:00:00,Desk,230.77,5
ORD200849,2025-06-09 00:00:00,Printer,214.35,4
ORD200071,2025-06-10 00:00:00,Monitor,434.45,3
ORD200285,2025-06-10 00:00:00,Phone,338.31,1
ORD200119,2025-06-11 00:00:00,Desk,534.67,2
ORD200504,2025-06-11 00:00:00,Monitor,464.5,2
ORD201154,2025-06-11 00:00:00,Monitor,198.63,3
ORD200518,2025-06-13 00:00:00,Printer,403.58,4
ORD200854,2025-06-13 00:00:00,Laptop,372.6,3
ORD200837,2025-06-14 00:00:00,Chair,655.55,5
ORD201182,2025-06-14 00:00:00,Chair,420.29,2
ORD200583,2025-06-15 00:00:00,Chair,154.37,3
ORD201193,2025-06-16 00:00:00,Tablet,687.89,1
ORD200006,2025-06-17 00:00:00,Laptop,664.42,1
ORD200965,2025-06-18 00:00:00,Laptop,578.28,4
ORD201002,2025-06-19 00:00:00,Tablet,699.88,4
ORD201115,2025-06-20 00:00:00,Laptop,336.32,2
ORD200133,2025-06-20 00:00:00,Chair,302.05,4
ORD200713,2025-06-21 00:00:00,Tablet,532.49,4
ORD200468,2025-06-21 00:00:00,Phone,418.36,1
ORD201044,2025-06-22 00:00:00,Printer,38.49,1
ORD200604,2025-06-22 00:00:00,Chair,32.62,3
ORD200676,2025-06-23 00:00:00,Laptop,422.34,2
ORD200134,2025-06-23 00:00:00,Laptop,199.7,2
ORD200163,2025-06-24 00:00:00,Tablet,641.39,1
ORD200342,2025-06-24 00:00:00,Monitor,466.42,5
ORD200918,2025-06-24 00:00:00,Laptop,368.25,5
ORD200055,2025-06-24 00:00:00,Printer,344.4,3
ORD201071,2025-06-24 00:00:00,Phone,255.14,2
ORD200064,2025-06-25 00:00:00,Printer,130.61,3
ORD200226,2025-06-27 00:00:00,Desk,588.05,3
ORD200773,2025-06-28 00:00:00,Phone,512.33,2
ORD200176,2025-06-28 00:00:00,Tablet,430.83,4
ORD201039,2025-06-28 00:00:00,Desk,299.23,2
ORD200882,2025-06-28 00:00:00,Phone,274.12,2
ORD200256,2025-06-30 00:00:00,Chair,75.81,5
ORD201107,2025-06-30 00:00:00,Tablet,63.21,2
